{
  "Total" : {
    "transaction" : "Total",
    "sampleCount" : 400000,
    "errorCount" : 0,
    "errorPct" : 0.0,
    "meanResTime" : 5.791460000000052,
    "medianResTime" : 4.0,
    "minResTime" : 0.0,
    "maxResTime" : 57.0,
    "pct1ResTime" : 7.0,
    "pct2ResTime" : 8.0,
    "pct3ResTime" : 12.0,
    "throughput" : 9152.270907218854,
    "receivedKBytesPerSec" : 3438.44740304313,
    "sentKBytesPerSec" : 2171.8767875529115
  },
  "Find Slot Availability" : {
    "transaction" : "Find Slot Availability",
    "sampleCount" : 200000,
    "errorCount" : 0,
    "errorPct" : 0.0,
    "meanResTime" : 5.815274999999995,
    "medianResTime" : 5.0,
    "minResTime" : 0.0,
    "maxResTime" : 57.0,
    "pct1ResTime" : 10.0,
    "pct2ResTime" : 12.0,
    "pct3ResTime" : 17.0,
    "throughput" : 4576.344873349655,
    "receivedKBytesPerSec" : 1720.5984142965012,
    "sentKBytesPerSec" : 1085.988090062467
  },
  "Book a Slot" : {
    "transaction" : "Book a Slot",
    "sampleCount" : 200000,
    "errorCount" : 0,
    "errorPct" : 0.0,
    "meanResTime" : 5.767644999999991,
    "medianResTime" : 5.0,
    "minResTime" : 0.0,
    "maxResTime" : 53.0,
    "pct1ResTime" : 10.0,
    "pct2ResTime" : 12.0,
    "pct3ResTime" : 16.0,
    "throughput" : 4576.5543122583,
    "receivedKBytesPerSec" : 1718.0849694515,
    "sentKBytesPerSec" : 1086.0377908972334
  }
}